{
     "Title": "Test Quiz 3",
     "Questions": [
          {
               "Options": [
                    "1",
                    "2",
                    "3"
               ],
               "Correct option Index": 0,
               "Text": "Test Question 1"
          },
          {
               "Options": [
                    "4",
                    "5",
                    "6"
               ],
               "Correct option Index": 2,
               "Text": "Test Question 2"
          },
          {
               "Options": [
                    "7",
                    "8",
                    "9"
               ],
               "Correct option Index": 1,
               "Text": "Test Question 3"
          }
     ]
}